{
  "classes": [
    "heavy",
    "high",
    "low",
    "normal"
  ],
  "knn": {
    "accuracy": 0.6818,
    "confusion_matrix": [
      [
        179,
        0,
        6,
        31
      ],
      [
        18,
        9,
        16,
        38
      ],
      [
        3,
        5,
        33,
        105
      ],
      [
        77,
        21,
        59,
        591
      ]
    ],
    "report": {
      "heavy": {
        "precision": 0.6462093862815884,
        "recall": 0.8287037037037037,
        "f1-score": 0.7261663286004056,
        "support": 216.0
      },
      "high": {
        "precision": 0.2571428571428571,
        "recall": 0.1111111111111111,
        "f1-score": 0.15517241379310345,
        "support": 81.0
      },
      "low": {
        "precision": 0.2894736842105263,
        "recall": 0.22602739726027396,
        "f1-score": 0.25384615384615383,
        "support": 146.0
      },
      "normal": {
        "precision": 0.7725490196078432,
        "recall": 0.7901069518716578,
        "f1-score": 0.7812293456708526,
        "support": 748.0
      },
      "accuracy": 0.6817800167926112,
      "macro avg": {
        "precision": 0.49134373681070376,
        "recall": 0.4889872909866867,
        "f1-score": 0.47910356047762886,
        "support": 1191.0
      },
      "weighted avg": {
        "precision": 0.655364923112341,
        "recall": 0.6817800167926112,
        "f1-score": 0.6640150978322965,
        "support": 1191.0
      }
    },
    "cv_scores": [
      0.6829,
      0.703,
      0.7193,
      0.6874,
      0.6756,
      0.6739,
      0.6723,
      0.6706,
      0.679,
      0.6538
    ]
  },
  "rf": {
    "accuracy": 0.6994,
    "confusion_matrix": [
      [
        177,
        2,
        4,
        33
      ],
      [
        12,
        3,
        11,
        55
      ],
      [
        2,
        0,
        32,
        112
      ],
      [
        68,
        8,
        51,
        621
      ]
    ],
    "report": {
      "heavy": {
        "precision": 0.6833976833976834,
        "recall": 0.8194444444444444,
        "f1-score": 0.7452631578947368,
        "support": 216.0
      },
      "high": {
        "precision": 0.23076923076923078,
        "recall": 0.037037037037037035,
        "f1-score": 0.06382978723404255,
        "support": 81.0
      },
      "low": {
        "precision": 0.32653061224489793,
        "recall": 0.2191780821917808,
        "f1-score": 0.26229508196721313,
        "support": 146.0
      },
      "normal": {
        "precision": 0.756394640682095,
        "recall": 0.8302139037433155,
        "f1-score": 0.7915869980879541,
        "support": 748.0
      },
      "accuracy": 0.6994122586062133,
      "macro avg": {
        "precision": 0.49927304177347676,
        "recall": 0.4764683668541444,
        "f1-score": 0.46574375629598663,
        "support": 1191.0
      },
      "weighted avg": {
        "precision": 0.6547127354527031,
        "recall": 0.6994122586062133,
        "f1-score": 0.6688070624754184,
        "support": 1191.0
      }
    },
    "cv_scores": [
      0.6779,
      0.6829,
      0.7059,
      0.6824,
      0.7008,
      0.7261,
      0.716,
      0.7395,
      0.7445,
      0.7126
    ],
    "feature_importance": {
      "hour": 0.8348,
      "minute": 0.0312,
      "day": 0.134
    }
  }
}