{
  "classes": [
    "heavy",
    "high",
    "low",
    "normal"
  ],
  "knn": {
    "accuracy": 0.6843,
    "confusion_matrix": [
      [
        180,
        0,
        6,
        30
      ],
      [
        16,
        8,
        16,
        41
      ],
      [
        1,
        5,
        32,
        108
      ],
      [
        75,
        18,
        60,
        595
      ]
    ],
    "report": {
      "heavy": {
        "precision": 0.6617647058823529,
        "recall": 0.8333333333333334,
        "f1-score": 0.7377049180327869,
        "support": 216.0
      },
      "high": {
        "precision": 0.25806451612903225,
        "recall": 0.09876543209876543,
        "f1-score": 0.14285714285714285,
        "support": 81.0
      },
      "low": {
        "precision": 0.2807017543859649,
        "recall": 0.2191780821917808,
        "f1-score": 0.24615384615384617,
        "support": 146.0
      },
      "normal": {
        "precision": 0.7687338501291989,
        "recall": 0.7954545454545454,
        "f1-score": 0.7818659658344284,
        "support": 748.0
      },
      "accuracy": 0.6842989084802686,
      "macro avg": {
        "precision": 0.4923162066316373,
        "recall": 0.4866828482696063,
        "f1-score": 0.47714546821955106,
        "support": 1191.0
      },
      "weighted avg": {
        "precision": 0.6547773117666091,
        "recall": 0.6842989084802686,
        "f1-score": 0.6647270317792817,
        "support": 1191.0
      }
    },
    "cv_scores": [
      0.693,
      0.7081,
      0.7227,
      0.6992,
      0.6807,
      0.6605,
      0.6521,
      0.6672,
      0.6706,
      0.6521
    ]
  },
  "rf": {
    "accuracy": 0.712,
    "confusion_matrix": [
      [
        181,
        0,
        4,
        31
      ],
      [
        12,
        0,
        9,
        60
      ],
      [
        1,
        0,
        26,
        119
      ],
      [
        67,
        2,
        38,
        641
      ]
    ],
    "report": {
      "heavy": {
        "precision": 0.6934865900383141,
        "recall": 0.8379629629629629,
        "f1-score": 0.7589098532494759,
        "support": 216.0
      },
      "high": {
        "precision": 0.0,
        "recall": 0.0,
        "f1-score": 0.0,
        "support": 81.0
      },
      "low": {
        "precision": 0.33766233766233766,
        "recall": 0.1780821917808219,
        "f1-score": 0.23318385650224216,
        "support": 146.0
      },
      "normal": {
        "precision": 0.7532314923619271,
        "recall": 0.856951871657754,
        "f1-score": 0.8017510944340213,
        "support": 748.0
      },
      "accuracy": 0.7120067170445005,
      "macro avg": {
        "precision": 0.44609510501564476,
        "recall": 0.4682492566003847,
        "f1-score": 0.44846120104643483,
        "support": 1191.0
      },
      "weighted avg": {
        "precision": 0.640225827904029,
        "recall": 0.7120067170445005,
        "f1-score": 0.6697558270259127,
        "support": 1191.0
      }
    },
    "cv_scores": [
      0.6711,
      0.6829,
      0.7042,
      0.6807,
      0.6992,
      0.7227,
      0.7311,
      0.7513,
      0.7697,
      0.7328
    ],
    "feature_importance": {
      "hour": 0.8033,
      "minute": 0.0665,
      "day": 0.1214,
      "is_weekend": 0.0088
    }
  }
}