{
  "classes": [
    "heavy",
    "high",
    "low",
    "normal"
  ],
  "knn": {
    "accuracy": 0.7064,
    "confusion_matrix": [
      [
        118,
        1,
        0,
        8
      ],
      [
        17,
        18,
        2,
        26
      ],
      [
        2,
        4,
        14,
        46
      ],
      [
        27,
        27,
        15,
        271
      ]
    ],
    "report": {
      "heavy": {
        "precision": 0.7195121951219512,
        "recall": 0.9291338582677166,
        "f1-score": 0.8109965635738832,
        "support": 127.0
      },
      "high": {
        "precision": 0.36,
        "recall": 0.2857142857142857,
        "f1-score": 0.3185840707964602,
        "support": 63.0
      },
      "low": {
        "precision": 0.45161290322580644,
        "recall": 0.21212121212121213,
        "f1-score": 0.28865979381443296,
        "support": 66.0
      },
      "normal": {
        "precision": 0.7720797720797721,
        "recall": 0.7970588235294118,
        "f1-score": 0.784370477568741,
        "support": 340.0
      },
      "accuracy": 0.7063758389261745,
      "macro avg": {
        "precision": 0.5758012176068825,
        "recall": 0.5560070449081566,
        "f1-score": 0.5506527264383794,
        "support": 596.0
      },
      "weighted avg": {
        "precision": 0.6818315820478416,
        "recall": 0.7063758389261745,
        "f1-score": 0.6859142093946051,
        "support": 596.0
      }
    },
    "cv_scores": [
      0.6913,
      0.755,
      0.6812,
      0.755,
      0.7349,
      0.7215,
      0.7542,
      0.7205,
      0.7744,
      0.7037
    ]
  },
  "rf": {
    "accuracy": 0.6896,
    "confusion_matrix": [
      [
        112,
        9,
        0,
        6
      ],
      [
        13,
        17,
        3,
        30
      ],
      [
        0,
        3,
        21,
        42
      ],
      [
        19,
        33,
        27,
        261
      ]
    ],
    "report": {
      "heavy": {
        "precision": 0.7777777777777778,
        "recall": 0.8818897637795275,
        "f1-score": 0.8265682656826568,
        "support": 127.0
      },
      "high": {
        "precision": 0.27419354838709675,
        "recall": 0.2698412698412698,
        "f1-score": 0.272,
        "support": 63.0
      },
      "low": {
        "precision": 0.4117647058823529,
        "recall": 0.3181818181818182,
        "f1-score": 0.358974358974359,
        "support": 66.0
      },
      "normal": {
        "precision": 0.7699115044247787,
        "recall": 0.7676470588235295,
        "f1-score": 0.7687776141384389,
        "support": 340.0
      },
      "accuracy": 0.6895973154362416,
      "macro avg": {
        "precision": 0.5584118841180016,
        "recall": 0.5593899776565362,
        "f1-score": 0.5565800596988637,
        "support": 596.0
      },
      "weighted avg": {
        "precision": 0.6795274386221896,
        "recall": 0.6895973154362416,
        "f1-score": 0.6831994400018027,
        "support": 596.0
      }
    },
    "cv_scores": [
      0.6711,
      0.7685,
      0.6812,
      0.7584,
      0.7282,
      0.7282,
      0.734,
      0.7172,
      0.7845,
      0.7003
    ],
    "feature_importance": {
      "hour": 0.8257,
      "minute": 0.0388,
      "day": 0.1355
    }
  }
}